city,temperature,description,timestamp
Kolkata,302.12,broken clouds,2026-10-07T13:45:48+00:00
Mumbai,305.14,clear sky,2026-10-07T13:45:48+00:00
Chennai,303.47,overcast clouds,2026-10-07T13:45:48+00:00
Jaipur,305.77,clear sky,2026-10-07T13:45:49+00:00
Kolkata,301.12,clear sky,2026-10-07T19:18:20+00:00
Mumbai,304.14,clear sky,2026-10-07T19:18:20+00:00
Chennai,302.88,few clouds,2026-10-07T19:18:20+00:00
Jaipur,301.77,clear sky,2026-10-07T19:18:20+00:00
Kolkata,300.12,clear sky,2026-10-07T23:45:57+00:00
Mumbai,303.14,clear sky,2026-10-07T23:45:57+00:00
Chennai,302.26,broken clouds,2026-10-07T23:45:57+00:00
Jaipur,296.77,clear sky,2026-10-07T23:45:57+00:00
Kolkata,304.12,clear sky,2026-10-08T05:52:57+00:00
Mumbai,308.14,clear sky,2026-10-08T05:52:57+00:00
Chennai,306.89,scattered clouds,2026-10-08T05:52:57+00:00
Jaipur,305.77,clear sky,2026-10-08T05:52:57+00:00
